go,ごー
ready,れでぃ
high,はい
everybody,えぶりばでぃ
vibes,ばいぶす
riders,らいだーず
nice,ないす
hi,はい
time,たいむ
dive,だいぶ
wave,うぇいぶ
big,びっぐ
for,ふぉー
it,いっと
a,あ
aha,あは
all,おーる
amp,あんぷ
and,あんど
another,あなざー
are,あー
babylon,ばびろん
bass,ばす
batty,ばってぃ
be,びー
beat,びーと
beer,びあー
blast,ぶらすと
blazing,ぶれいじんぐ
blue,ぶるー
bombo,ぼむ
boom,ぶーむ
bottom,ぼとむ
boy,ぼーい
brake,ぶれーく
brazing,ぶれいじんぐ
brethren,ぶれすれん
call,こーる
change,ちぇんじ
claat,くらーと
crazy,くれいじー
crew,くるー
dancehall,だんすほーる
de,で
deejay,でぃーじぇい
dem,でむ
do,どぅー
dopa,どーぱ
dynamite,だいなまいと
everything,えぶりしんぐ
fight,ふぁいと
fire,ふぁいあー
free,ふりー
freedom,ふりーだむ
frenzy,ふれんじー
gate,げーと
get,げっと
gonna,ごな
good,ぐっど
groovin,ぐるーびん
gun,がん
hankun,はんくん
hardway,はーどうぇい
heart,はーと
heat,ひーと
heeehaaa,ひーはー
hero,ひーろー
hey,へい
hurry,はりー
i,あい
in,いん
is,いず
japanese,じゃぱにーず
jump,じゃんぷ
just,じゃすと
lady,れでぃ
lie,らい
life,らいふ
line,らいん
memory,めもりー
mia,みあ
more,もあ
morning,もーにんぐ
movement,むーぶめんと
musical,みゅーじかる
my,まい
need,にーど
no,のー
oh,おー
old,おーるど
on,おん
party,ぱーてぃ
pass,ぱす
phata,ふぁーた
place,ぷれいす
power,ぱわー
pride,ぷらいど
r,あーる
raggamuffin,らがまふぃん
real,りある
reggae,れげえ
ride,らいど
right,らいと
rock,ろっく
run,らん
s,えす
say,せい
shake,しぇいく
she,しー
shotta,しょった
sky,すかい
slow,すろー
so,そー
stage,すてーじ
super,すーぱー
teacher,てぃーちゃー
teaser,てぃーさー
tell,てる
the,ざ
thing,しんぐ
this,でぃす
to,とぅー
top,とっぷ
town,たうん
tune,ちゅーん
untill,あんてぃる
up,あっぷ
walker,うぉーかー
way,うぇい
wi,わい
wiago,うぃあご
world,わーるど
wow,うぉう
ya,やー
you,ゆー
your,ゆあ
yu,ゆ
aa,あ
aaa,ああ
aaaai,ああああい
aala,ああら
ab,えーびー
abc,えーびーしー
abdicate,あぶでぃけいと
abdication,あぶでぃけいしょん
able,えいぶる
aboard,あぶろーど
about,あばうと
above,あばぶ
abuse,あびゅーず
accelerate,あくせられーと
acceleration,あくせられーしょん
accept,あくせぷと
accepted,あくせぷてっど
accepting,あくせぷてぃんぐ
access,あくせす
acclaim,あくれいむ
across,あくろす
act,あくと
action,あくしょん
actions,あくしょんず
addistion,あでぃすしょん
advantage,あどばんてーじ
adversity,あどばーさりー
advice,あどばいす
aekai,いーかい
affair,あふぇあー
afghan,あふがん
afraid,あふれいど
africa,あふりか
after,あふたー
again,あげいん
against,あげいんすと
age,えいじ
agree,あぐりー
ah,あー
ahead,あへっど
ahha,あは
ai,あい
aia,あじゃ
aight,えいと
ailed,えいるど
ain,あいん
aina,あいな
air,えあー
airplane,えあぷれーん
airwaves,えあうぇいぶす
aka,あか
alive,あらいぶ
alla,あらいぶ
allright,おーらい
aloha,あろは
alohi,あろひ
alone,あろーん
along,あろんぐ
alright,おーらい
alternative,おるたなてぃぶ
always,おーるうぇいず
am,あむ
amaze,あめいず
amazing,あめいじんぐ
ambitious,あんびしゃす
america,あめりか
amid,あみっど
amidst,あみっどすと
among,あもんぐ
ampbucci,あんぷぐっち
ampklutch,あんぷくつっち
amptenn,あんぷてん
an,あんびしゃす
ana,あな
ancestry,あんせとりー
angel,えんじぇる
angry,あんぐりー
animal,あにまる
anniversary,あにばーさりー
annoyed,あのいど
anonymity,あのいみてぃ
answer,あんさー
anuenue,あぬえぬえ
anxiety,あんぐざえてぃ
any,えにー
anyone,えにわん
anything,えにしんぐ
anytime,えにたいむ
anyway,えにうぇい
apathy,あぱしー
apologized,あぽろじゃいずど
april,えいぷりる
area,えりあ
ark,あーく
around,あらうんど
arrive,あらいぶ
art,あーと
artificial,あーてぃふぃしゃる
as,あず
asia,あじあ
asian,あじあん
ask,あすく
askin,あすきん
at,あっと
attack,あたっく
attacks,あたっくす
attaining,あていん
attracted,あとらくてっど
authem,おうせむ
av,えーヴぃー
awareness,あうぇあねす
away,あうぇい
awaystray,あうぇいすとれい
awoken,あうぉーくん
ay,あい
b,びー
babe,べいぶ
baby,べいびー
babys,べいびーず
back,ばっく
backfires,ばっくふぁいあず
backka,ばっか
bad,ばっど
badda,ばっだ
badman,ばっどまん
badmind,ばっどまいんど
bags,ばぐす
ban,ばん
bang,ばん
bar,ばー
barbeque,ばーべきゅー
bare,べあ
bars,ばーず
bashment,ばっしゅめんと
bassquot,ばすこー
battle,ばとる
bboy,びーぼーい
beach,びーち
beats,びーつ
beautiful,びゅーてぃふる
beauty,びゅーてぃー
because,びこーず
become,びかむ
been,びーん
beenie,びーにー
beerbeer,びあーびあー
before,びふぉあ
begin,びぎん
begun,びがん
bein,びーいん
being,びーいん
believe,びりーぶ
believers,びりーばーず
believin,びりーびん
belive,びりーぶ
belong,びろんぐ
beneath,びにーす
benefit,べねふぃっと
best,べすと
bet,べっと
better,べたー
between,びっとうぃーん
beyond,びよんど
bgm,びーじーえむ
biggest,びっげすと
bikini,びきに
birds,ばーず
birth,ばーす
birthday,ばーすでい
births,ばーす
bitch,びっち
black,ぶらっく
blame,ぶれいむ
blaming,ぶれいみんぐ
blane,ぶれーん
blatant,ぶれいてんと
blaze,ぶれいず
blazin,ぶらじん
blend,ぶれんど
blending,ぶれんでぃんぐ
blind,ぶらいんど
bling,ぶらいんど
blink,ぶりんく
block,ぶろっく
blood,ぶらっど
blows,ぶろーず
bluesky,ぶるーすかい
bob,ぼぶ
boby,ぼびー
bodies,ぼでぃず
body,ぼでぃず
bodybody,ぼでぃぼでぃ
bold,ぼーるど
bomb,ぼむ
bomber,ぼんばー
bomberquot,ぼんばーくおっと
bombom,ぼんぼん
bonafide,ぼなふぁいど
bond,ぼんど
boo,ぶー
booby,ぶーびー
boogie,ぶぎー
booing,ぶーいん
border,ぼーだー
borderline,ぼーだーらいん
born,ぼーん
both,ぼーす
bounce,ばうんす
bounty,ばうんてぃ
bowl,ぼうる
box,ぼっくす
boys,ぼーいず
boysoh,ぼーいそー
bpm,びーぴーえむ
bq,びーじーえむ
brahquot,ぶらこーと
brain,ぶれいん
branbran,ぶらんどらん
brand,ぶらんどらん
brandnew,ぶらんにゅー
brave,ぶれいぶ
bravely,ぶれいびー
break,ぶれーく
breakdown,ぶれーくだうん
breath,ぶれす
breathing,ぶりーじん
breeze,ぶりーず
bright,ぐらいと
brightens,ぶらいとねす
bring,ぶりんぐ
bringin,ぶりんぎん
bringing,ぶりんぎん
brings,ぶりんぐす
broadcasting,ぶろーどきゃすてぃんぐ
broke,ぶろーく
broken,ぶろーくん
brother,ぶらざー
brought,ぶろうと
brown,ぶらうん
brush,ぶらっしゅ
bucc,ぶっく
bucci,ぶっき
bucciamp,ぶっきあんぷ
bucciampklutch,ぶっきあんぷらっち
build,びるど
built,びると
bujubanton,ぶじゅばんとん
bullish,ぶりっしゅ
bump,ばんぷ
bumping,ばんぴん
bun,ばん
bungalow,ばんがろー
buon,ぶおん
burin,ぶりんぎん
burn,ばーん
burning,ばーにん
buss,ばすこー
but,ばっと
butterfly,ばたふらい
buy,ばい
bwh,ぶー
by,ばい
bye,ばい
byebyebye,ばいばいばい
c,しー
caan,かーん
cah,かーん
calling,こーりん
calm,こーむ
came,けいむ
camera,かめら
can,きゃん
candle,きゃんどる
candy,きゃんでぃ
cannot,きゃのっと
cantare,かんたーれ
cap,きゃっぷ
cappesh,きゃっぺっしゅ
care,けあ
caring,けありん
carpe,かーぷ
carry,きゃりー
cars,かーず
case,けーす
cases,けーしーず
cast,きゃすと
catch,きゃっち
catching,きゃっちん
caught,こーと
cause,こーず
cc,しーしー
cd,しーでぃー
cdj,しーでぃーじぇい
celebrate,せれぶれいと
center,せんたー
cha,ちゃ
champ,ちゃんぷ
champion,ちゃんぴおん
chance,ちゃんす
changed,ちぇんじど
check,ちぇっく
cherish,ちぇりっしゅ
child,ちゃいるど
children,ちるどれん
chill,ちり
chillax,ちりあっくす
chilling,ちりん
chimpanzee,ちんぱんじー
choice,ちょいす
choose,ちゅーず
chords,こーず
christ,くらいすと
christmas,くりすます
circular,さーきゅらー
city,してぃ
clap,くらっぷ
class,くらす
classical,くらしかる
clean,くりーん
clear,くりあー
clearing,くりーにん
clearly,くりありー
climb,くらいむ
close,くろーず
closemindedness,くろーずまいんどねす
clottin,くろーてぃん
clouds,くらうず
clover,くろーばー
club,くらぶ
clubrapdanceeventparty,くらぶらっぷだんすぱーてぃ
cm,しーえむ
co,しーおー
coaster,こーすたー
coin,こいん
cold,こーるど
combinin,こんばいにん
come,かむ
comeon,かもん
comes,かむず
comin,かみん
coming,かみん
commin,かみん
communication,こみゅにけーしょん
compile,こんぱいる
complain,こんぷれいん
complaining,こんぷれいん
complaints,こんぷれいんつ
completely,こんぷりーとりー
complexity,こんぷれきしてぃ
compliment,こんぷらいめんと
con,こんばいにん
concrete,こんくりーと
condition,こんでぃしょん
conduct,こんだくと
confidence,こんふぃでんす
connect,こねくと
connected,こねくてっど
conscious,こんしゃす
consciousness,こんしゃすねす
consolidation,こんそりでーしょん
constructive,こんすとらくてぃぶ
continue,こんてぃにゅー
continued,こんてぃにゅーど
continues,こんてぃにゅーす
continuing,こんてぃにゅいん
contradiction,こんとらでぃくしょん
control,こんとろーる
contusion,こんてゅーしょん
converse,こんばーす
cool,くーる
cope,こーぷ
core,こあ
correctly,これくとりー
corrupt,こらぷと
costume,こすちゅーむ
could,くっど
count,かうんと
cousin,かずん
crack,くらっく
crash,くらっしゅ
craziness,くれいじねす
creating,くりえいてぃん
creation,くりえいしょん
creativity,くりえいてぃびてぃ
cris,くらいすと
cross,くろす
crowd,くらうど
crown,くらうん
cruel,くるーえる
cruisin,くるーしん
crumbling,くらんぶりん
cruzin,くるーじん
cry,くらいすと
crying,くらいん
crystal,くりすたる
culture,かるちゃー
cut,かっと
cuts,かっつ
cuz,こず
cycle,さいくる
d,でぃー
da,だ
dad,だっど
daddy,だでぃ
dagg,だぐ
daizo,だいぞ
damage,だめーじ
damashi,だまし
damian,だみあん
damn,だむ
dan,だん
dance,だんす
dancin,だんしん
dancing,だんしん
dandy,だんでぃ
danger,でんじゃー
dangerous,でんじゃらす
dare,であ
dark,だーく
darkness,だーくねす
darlin,だーりん
dat,だっと
dawn,どーん
day,でぃー
days,でいず
dead,でっど
deal,でぃーる
dear,でぃあ
death,です
dedicate,ででぃけいと
dedication,ででぃけいしょん
dee,でぃー
deep,でぃーぷ
def,でふ
degree,でぃぐりー
delay,でぃれい
delicious,でりしゃす
delight,でぃらいと
delve,でるぶ
den,でんじゃらす
depths,でぷす
dereliction,でありくしょん
describe,ですくらいぶ
desire,でざいあ
despair,ですぺあ
destiny,ですてぃにー
destroy,ですとろい
destroys,ですとろいず
dethronement,ですろにめんと
deux,であ
di,でぃ
diem,でいむ
differences,でぃふぁれんしず
dig,でぃぐりー
directly,でぃれくとり
dirty,だーてぃー
disagree,でぃすあぐりー
disasters,でぃすたーず
disco,でぃすこ
discover,でぃすかばー
discrimination,でぃすくりみねーしょん
disgrace,でぃすぐらんす
dismay,でぃすめい
display,でぃすぷれい
divide,でぃばいど
divine,でぃばいん
dj,でぃーじぇい
djkohno,でぃーじぇいこうの
dna,でぃーえぬえー
does,だず
doesn,だずん
dog,どっぐ
doin,どぅーいん
doing,どぅーいん
don,どん
dondada,どんだだ
done,だん
door,どあー
doors,どあーず
dostayin,どぅーすていん
dot,どっと
doubt,だうと
down,だうん
downtown,だうんたうん
drains,どれいんず
drama,どらま
dream,どりーむ
dreamer,どりーまー
dreams,どりーむず
drinking,どりんきん
drive,どらいぶ
drivin,どらいびん
driving,どらいびん
drop,どろっぷ
drown,どろうん
drum,どらむ
dry,どらいびん
dt,でぃーてぃー
duality,でゅありてぃ
dub,だぶ
duck,だっく
due,でゅー
dun,どうん
dusk,だすく
dust,だすと
duty,でゅーてぃー
dvd,でぃーぶいでぃー
dwell,どうぇる
dying,どらいん
e,いー
ea,いーえー
each,いーち
eady,えでぃ
eah,あー
ear,いあー
early,あーりー
earth,あーす
earthquake,あーすくえいく
east,いーすと
easy,いーじー
eat,いーと
eating,いーてぃん
ecup,いーかっぷ
edo,えど
eeee,ええええ
eel,いーる
eep,いーぷ
effect,えふぇくと
ego,えご
ehh,えー
ei,えい
eia,えいあ
either,いーざー
elephant,えれふぁんと
elevating,えれーびん
elitism,えりぃてぃずむ
else,えるす
em,えむ
embrace,えんぶれーす
embracing,えんぶれーしん
emergency,えまーじぇんしー
emi,いーえむあい
emotion,えもーしょん
emotions,えもーしょんず
encouraging,えんかれっじん
end,えんど
endless,えんどれす
endlessyeah,えんどれすいやー
ends,えんず
enemy,えねみー
energized,えなじゃいずど
energy,えなじー
engineer,えんじにあ
enjoy,えんじょい
enjoying,えんじょいん
enjoyment,えんじょいめんと
enough,いなふ
enter,えんたー
entered,えんたーど
entertainer,えんたーていなー
entice,えんてぃす
enticing,えんてぃしん
entropy,えんとろぴー
entry,えんとりー
era,いら
escape,えすけーぷ
et,えっと
eternal,えたーなる
even,いーぶん
eventually,いべんちゅありー
ever,えばー
every,えぶりー
everyday,えぶりでい
everynight,えぶりない
everyone,えぶりわん
everytime,えぶりたいむ
everyway,えぶりうぇい
everywhere,えぶりうぇあ
evolution,えぼりゅーしょん
evolutionary,えぼりゅーしょなりー
exact,いぐざくと
exactly,いぐざくとりー
excel,えくせる
excitement,えきさいとめんと
excuse,えくすきゅーず
existence,いぐじすてんす
expand,えくすぱんど
experience,えくすぺりえんす
explore,えくすぷろあ
expressed,えくすぷれすど
extend,えくすてんど
extreme,えくすとりーむ
eye,あい
eyes,あいず
ez,えず
f,えふぇくと
face,ふぇいす
faceless,ふぇいすれす
faces,ふぇいしーず
facewash,ふぇいすうぉっしゅ
fact,ふぁくと
fade,ふぇいど
fagamafin,ふぁぐまふぃん
fake,ふぇいく
falco,ふぇいこ
fall,ふぉーる
falla,ふぁら
fallin,ふぉーりん
falseness,ふぁるすねす
fam,ふぁむ
fame,ふぇいむ
families,ふぁみりーず
family,ふぁみりーず
fan,ふぁん
fancy,ふぁんしー
fantasy,ふぁんたじー
far,ふぁー
fashion,ふぁっしょん
fast,ふぁすと
fastbreak,ふぁすとぶれっく
fat,ふぁっと
fate,ふぇいと
father,ふぁーざー
fear,ふぃあー
fearlike,ふぃあーらいく
fears,ふぃあーず
feel,ふぃーる
feelin,ふぃーりん
feeling,ふぃーりん
feelings,ふぃーりん
feels,ふぃーるず
feet,ふぃーと
fell,ふぇーる
fellas,ふぇーらす
felt,ふぇると
fest,ふぇすと
fever,ふぇーばー
fi,ふぃーと
field,ふぃーるど
fiendin,ふぃえんでぃん
fighting,ふぁいてぃん
fightquot,ふぁいと
filled,ふぃるど
finale,ふぃねーる
finally,ふぁいなりー
find,ふぁいんど
finger,ふぃんがー
fireworks,ふぁいあわーくす
first,ふぁーすと
five,ふぁいぶ
flag,ふらっぐ
flame,ふれいむ
flat,ふらっと
flava,ふらーば
flavor,ふれいばー
flee,ふりー
flew,ふるー
flight,ふらいと
flipped,ふりっぷど
float,ふろーと
floatin,ふろーてぃん
floating,ふろーてぃん
floods,ふらっず
floor,ふろあ
flow,ふろーてぃん
flowin,ふろーいん
flowing,ふをーいん
flows,ふろーず
fly,ふらいと
flying,ふらいん
fold,ふぉーるど
follow,ふぉろー
fools,ふぉーるず
force,ふぉーす
forever,ふぉーえばー
foreverlike,ふぉーえばーらいど
forget,ふぉーげっと
forgive,ふぉーぎぶ
forgiveness,ふぉーぎぶねす
forgotten,ふぉーごってん
forth,ふぉーす
forward,ふぉわーど
fought,ふぉーと
four,ふぉーえばー
freely,ふりーりー
freeze,ふりーず
fresh,ふれっしゅ
friday,ふらいでぃ
friend,ふれんど
friendbrother,ふれんどぶらざー
frienden,ふれんど
friends,ふれんず
friendship,ふれんどしっぷ
frightening,ふらいとにん
from,ふろむ
front,ふろんと
frown,ふらうん
fruit,ふるーと
ft,ふぃーと
fuck,ふぁっく
fulfill,ふるふぃる
full,ふるふぃる
fully,ふりー
fun,ふぁん
funky,ふぁんきー
fuss,ふぁす
future,ふゅーちゃー
futurequot,ふゅーちゃー
fuu,ふゅーちゃー
g,じー
gain,げいん
gal,がる
gamble,ぎゃんぶる
gambler,ぎゃんぶらー
game,げーむ
gameover,げーむおーばー
games,げーむず
gangsta,ぎゃんぐすたー
gather,ぎゃざー
gatta,がった
gave,げいぶ
gaze,げいず
generation,じぇねれーしょん
gents,じぇんつ
gero,げろ
geronimo,じぇろにも
gets,げっつ
getting,げってぃん
gifts,ぎふつ
gime,がいむ
gimi,じみ
gimme,じめ
giorno,ぎおーの
girl,がーる
girlho,がーる
girlies,がーりーず
girls,がーるず
give,ぎぶ
gives,ぎぶず
givin,ぎびん
glanced,ぐらんすど
goal,ごーる
god,ごっど
goes,ごーず
goin,ごーいん
going,ごーいん
gold,ごーるど
gonaa,ごな
gone,ごーん
gonerator,ごねれーたー
goo,ぐー
goodbye,ぐっばい
got,ごっと
gotsta,ごすた
gotta,ごった
grab,ぐらぶ
grace,ぐれーす
gracias,ぐらしゃす
grade,ぐれーど
great,ぐれーと
greatest,ぐれーてすと
greeeen,ぐりーん
greetings,ぐりーてぃんぐす
grew,ぐるー
grey,ぐれーす
grief,ぐりーふ
grievances,ぐりーヴぁんすず
groov,ぐるーぶ
groove,ぐるーぶ
grooving,ぐるーびん
groovy,ぐるーびー
groovyall,ぐるーびーおーる
groovycome,ぐるーびーかむ
groovygood,ぐるーびーぐっど
groovyhey,ぐるーびーへい
gross,ぐろす
ground,ぐらうんど
grow,ぐろー
growing,ぐろーいん
growth,ぐろーす
gt,じーてぃー
guitar,ぎたー
gunman,がんまん
gunpowder,がんぱわー
guns,がんず
guy,がいむ
guys,がいず
gyal,げいる
h,えっち
ha,は
had,はど
hafi,はふぃ
hair,へあ
halala,はらら
hall,ほーる
halloween,はろうぃーん
hammer,はんまー
hand,はんど
handle,はんどる
hands,はんず
hang,はんぐ
hanging,はんぎん
happen,はぷん
happened,はぷんど
happens,はぷんず
happiness,はぴねす
happy,はっぴー
hard,はーど
hardcore,はーどこあ
harmony,はーもにー
has,はず
hat,はっと
hate,へいと
hateful,へいとふる
have,はぶ
haven,はぶん
havin,はびん
hawai,はわい
hawaii,はわい
hawaiians,はわいあんず
he,ひー
head,へっど
headed,へっでぃど
heal,ひーる
health,へるす
hear,ひあー
heard,はーど
heartbeat,はーとびーと
hearted,はーてっど
hearts,はーつ
heaven,へぶん
heavy,へびー
heed,ひーど
held,へるど
hell,へるす
hello,はろー
help,へるぷ
helps,へるぷす
her,はーつ
here,ひあ
herequot,ひあ
heroes,ひーろーず
heyboy,へいぼーい
heygirl,へいがーる
heyhey,へいへい
heyo,へいお
hide,はいど
higher,はいあー
highs,はいず
hight,はいと
highway,はいうぇい
hip,ひっぷ
hiphop,ひっぷほっぷ
his,ひず
history,ひすとりー
hit,ひっと
hitting,ひってぃん
hiwa,ひわ
hlala,ふらら
ho,ほーる
hoho,ほほ
hohoho,ほほほ
hola,ほら
hold,ほーるど
holding,ほーるでぃん
holds,ほーるず
hole,ほーる
holiday,ほりでぃ
holly,ほーりー
holy,ほりー
home,ほーむ
homey,ほーみー
homie,ほーみー
honey,はにー
honeydew,はにでゅー
honor,おーなー
honored,おーなーど
hoo,ほーみー
hood,ほーど
hook,ほっく
hoooo,ほーど
hooray,ほーれい
hop,ほっぷ
hope,ほーぷ
hoping,ほっぴん
horizon,ほらいずん
hot,ほっと
hotness,ほっとねす
hou,ほう
house,はうす
how,はうす
hug,はぐ
huh,はーつ
hui,ふい
human,ひゅーまん
humanity,ひゅーまにてぃ
hundred,はんどれっど
hunger,はんがー
hungry,はんぐりー
hurt,はーとびーと
hustler,はすらー
hype,はいぷ
hypocrisy,はいぽくらしー
ia,いあ
idea,あいであ
identify,あいでんてぃふぁい
if,いふ
ig,いぐ
ignition,いぐにしょん
ignore,いぐのあ
ii,あいあい
illchillilax,いりちらりあっくす
illusion,いりゅーじょん
image,いめーじ
imagination,いまじねーしょん
immigrants,いみぐらんつ
impact,いんぱくと
important,いんぽーたんと
impossible,いんぽっしぶる
improve,いんぷるーぶ
ina,いな
indeed,いんでぃーど
independent,いんでぃぺんでんと
individuality,いんでぃびじゅあり０
infamy,いんふぁみー
infuse,いんふゅーず
infusion,いんふゅーじょん
ing,いんぐ
inhibitions,いんひびしょんず
inject,いんじぇくと
inna,いな
innate,いねいと
innovative,いのべーしょん
insane,いんせいん
inside,いんさいど
insight,いんさいと
inspiration,いんすぴれーしょん
inspiring,いんすぱいありん
inst,いんすと
instinctively,いんすてぃんくてぃぶりー
interacting,いんたらくてぃん
interactions,いんたらくしょん
intertwine,いんたーわいん
into,いんとぅー
introduce,いんとろでゅーす
introduction,いんとろだくしょん
ipolani,いぽらに
iq,あいきゅー
ire,いあ
irie,いりー
iron,あいあん
irrational,いらしょなる
island,あいらんど
islands,あいらんず
isquotnever,いずねばー
istory,いすとりー
it,いっと
its,いっつ
jah,じゃー
jam,じゃむ
jamaica,じゃまいか
jamboree,じゃんぼれー
jammin,なみん
jams,じゃむず
japan,じゃぱん
japanquot,じゃぱん
jawai,じゃわい
jawaii,じゃわい
jawaiian,じゃわいあん
jay,じぇい
jazz,じゃず
jb,じぇいびー
jesus,じーざす
job,じょぶ
jodan,じょーだん
join,じょいん
joint,じょいんと
joker,じょーかー
journey,じゃーにー
joy,じょいん
jr,じゅにあ
judge,じゃっじ
judgement,じゃっじめんと
judgments,じゃっじめんつ
juggler,じゃぐらー
jumpin,じゃんぴん
jumping,じゃんぴん
june,じゅーん
jungle,じゃんぐる
junky,じゃんきー
juvenile,じゅびないる
k,けー
ka,か
kaikamahine,かいかまひね
kakou,かこう
kale,かーる
karmic,かーみっく
ke,けー
keep,きーぷ
keepin,きーぴん
keeping,きーぴん
keeps,きーぷす
ken,けん
kengt,けんぐ
kenty,けんてぃ
kept,けぷと
key,きーぴん
kick,きっく
killer,きらー
kills,きるず
kind,かいんど
kinda,きんだ
king,きんぐ
kingdoms,きんぐだむず
kingquot,きんぐ
kings,きんぐす
kiss,きす
kkaha,かは
klucci,くらっち
kluch,くらっち
klutch,くらっち
klutchamp,くらっちちゃんぷ
klutchamptenn,くらっちちゃんぷ
knees,にーず
knew,にゅー
knock,のっく
know,のう
known,のうん
knows,のうず
ko,けーおー
kohno,こーの
krazy,くらじー
ktm,けーてぃーえむ
kuhihewa,くひへわ
l,える
la,ら
lack,らっく
ladies,れでぃーす
ladiesampgentlemen,れでぃーすあんどじぇんとるめん
ladys,れでぃーす
ladysah,れでぃさー
lala,らら
lalala,ららら
lalalala,らららら
lalalalala,ららららら
lame,れいむ
land,らんど
lani,らに
last,らすと
later,れいたー
laugh,らふ
laulea,れうりー
layer,れいやー
layers,れいやーず
lays,れいず
ldk,えるでぃーけー
lead,りーど
leading,りーでぃんぐ
leaf,りーふ
learn,りーん
learning,らーにんぐ
least,りーすと
leave,りーぶ
leeway,りーうぇい
left,れふと
legend,れじぇんど
leon,れおん
lesson,れっすん
lessons,れっすんず
let,れっと
lets,れっつ
level,れべる
lick,りっく
lies,らいず
lifequot,らいふ
lift,りふと
liftin,りふてぃん
light,らいと
lightness,らいとねす
lights,らいつ
like,らいく
limit,りみっと
lion,らいおん
lip,りっぷ
listen,りっすん
little,りとる
live,らいぶ
lives,らいぶす
livin,りびん
living,りびん
ll,えるえる
loaded,ろーでっど
lock,ろっく
locked,ろっくと
lokahi,ろかひ
lon,ろん
loneliness,ろんりねす
lonely,ろんりー
long,ろんぐ
longer,ろんがー
look,るっく
lookin,るっきん
loops,るーぷす
loose,るーず
lorry,ろーりー
lose,るーず
loss,ろす
lost,ろすと
loud,らうど
love,らぶ
lovebig,らぶびっぐ
loved,らぶど
lovequot,らぶ
lover,らばー
lovin,らびん
loving,らびん
low,ろーでっど
lowtone,ろーとーん
lt,えるてぃー
ltbuccigt,えるてぃーぶっち
lthgt,らいと
ltklutch,とくるっち
ltklutchgt,とくるっち
ltltbig,つちびっぐ
lttennbuccigt,りってぃんぶっち
lttenngt,りってんと
luck,らっく
lucky,らっきー
luv,らぶ
luxury,らぐじゅりー
lylic,りりっく
lyrical,りりかる
lyrics,りりっくす
m,えむ
macro,まくろ
mad,まっど
made,めいど
magically,まじかりー
magician,まじしゃん
magnify,まぐにふぁい
mago,まご
mahalo,まはろ
mai,まい
mail,めーる
maiming,めいみんぐ
make,めいく
maker,メーカー
makes,メークス
makin,マーキン
making,メーキング
malama,マラマ
mama,ママ
man,マン
mana,マナ
mango,マンゴ
manifestation,マニフェテーション
manu,マヌ
many,メニー
march,マーチ
marcy,マーシー
mark,マーク
marley,マーレー
mars,マーズ
marvelous,マーベラス
maschine,マシーン
mass,マス
massive,マッシブ
master,マスター
mata,マタ
matenal,マテナル
matter,マター
mau,マウ
max,マックス
may,メイ
maybe,メイビー
mayway,メイウェイ
mc,エムシー
mcs,エムシーズ
md,エムディー
me,ミー
mean,ミーン
meanin,ミーニン
meaning,ミーニング
meant,メント
meet,ミート
meets,ミーツ
mele,メレ
mellow,メロー
melody,メロディー
melt,メルト
member,メンバー
memories,メモリーズ
men,メン
mens,メンズ
mentor,メンター
merely,メアリー
merry,メリー
message,メッセージ
messages,メッセージズ
met,メット
mi,ミー
mic,ミック
micro,ミクロ
microphone,マイクロフォン
might,マイト
mile,マイル
mind,マインド
minds,マインズ
minmi,ミンミ
minute,ミニット
mirror,ミラー
miss,ミス
missed,ミスト
mistakes,ミステーク
misunderstood,ミスアンダーステュッド
mix,ミックス
mixing,ミキシング
mixture,ミクスチャ
mj,エムジェー
mm,エムエム
moment,モーメント
momentary,モメンタリー
moments,モーメンツ
monday,マンデー
money,マネー
monkey,モンキー
months,マンス
moon,ムーン
moonlight,ムーンライト
moonlit,ムーンライト
moonrise,ムーンライズ
moonshine,ムーンシャイン
moovin,ムービン
most,モスト
mother,マザー
motivations,モチベーション
mountain,マウンテン
mouth,マウス
move,ムーブ
moves,ムーブズ
movie,ムービー
movin,ムービン
moving,ムービング
mr,ミスター
mrzeebra,ミスタージーブラ
much,マッチ
muku,ムク
murder,マーダー
mush,ムッシュ
music,ミュージック
must,マスト
myself,マイセルフ
mystic,ミスティック
n,エヌ
na,ナ
naked,ネーキッド
nalu,ナル
name,ネーム
named,ネームド
natural,ナチュラル
naturally,ナチュラリー
nature,ネーチャー
navigate,ナビゲート
nd,エヌディー
ndlessyeah,ンドレッシャー
near,ネアー
negative,ネガティブ
negativity,ネガティブリー
nesian,ネジアン
never,ネバー
new,ニュー
next,ネクスト
niagara,ナイアガラ
night,ナイト
nights,ナイツ
nike,ナイキ
nobody,ノーバディ
non,ノン
nonfiction,ノンフィクション
nonstop,ノンストップ
normal,ノーマル
north,ノース
nos,ノス
not,ノット
note,ノート
nothin,ノーティン
nothing,ナッシン
november,ノーベンバー
now,ナウ
nowhere,ノーウェア
nspinnin,ンスピニン
nth,エヌス
nuku,ヌク
number,ナンバー
nyc,ニク
o,オー
obstacle,オブスタクル
occur,オカー
ocean,オーシャン
october,オクトーバー
of,オブ
off,オフ
ohana,オハナ
ohload,オーロード
ohohoh,オホホー
ohohohoh,オホホホー
ohyeahoh,オーイェーホー
oi,オイ
ok,オーケー
okaman,オカマン
ol,オイ
oleole,オレオレ
omg,オーマイガー
on,オン
once,ワンス
one,ワン
oneday,ワンデー
onelife,ワンライフ
oneman,ワンマン
onemic,ワンミック
ones,ワンズ
only,オンリー
ono,オノ
ont,オント
onwon,オンウォン
ooh,オー
open,オープン
openin,オープニン
opposition,オポシション
or,オア
original,オリジナル
origination,オリジネーション
other,アザー
others,アザーズ
our,アワー
ourselves,アワセルブズ
out,アウト
outh,オース
outside,アウトサイド
over,オーバー
overground,オーバーグラウンド
own,オウン
ozma,オズマ
pa,パ
pace,ペース
pacific,パシフィック
pack,パック
paddle,パドル
pain,ペイン
painless,ペインレス
panic,パニック
pants,パンツ
papa,パパ
paradise,パラダイス
part,パート
partyparty,パーティパーティ
passa,パッサ
passed,パッスト
passing,パッシン
passion,パッション
past,パスト
path,パス
pawns,ポーンズ
pay,ペイ
payback,ペイバック
pc,ピーシー
peace,ピース
peacebig,ピースビッグ
peak,ピーク
pearl,パール
peel,ピール
peep,ピープ
peeterman,ピーターマン
people,ピープル
perception,パーセプション
perceptions,パーセプションズ
perfect,パーフェクト
performer,パフォーマー
persist,パーシスト
perspective,パースペクティブ
phrase,フレーズ
pickin,ピッキン
pickny,ピッキー
pioneerin,パイオニアリン
pitch,ピッチ
pity,ピティー
places,プレース
plan,プラン
play,プレー
playback,プレーバック
played,プレード
player,プレーヤー
please,プリーズ
plight,プライト
plot,プロット
ploy,プロイ
plus,プラス
plusminus,プラスマイナス
poetry,ポエトリー
poi,ポイ
poli,ポリ
pollution,ポリューション
ponde,ポンド
pono,ポノ
popping,ポッピン
portray,ポートレー
positive,ポジティブ
possessive,ポゼッシブ
possibilities,ポッシビリティー
pouring,ポーリン
powerful,パワフル
precious,プレシャス
prejudicial,プレジャディシャル
prerogative,プレロゲーティブ
presence,プレゼンス
presently,プレゼントリー
pressure,プレッシャー
prety,プリティー
previous,プリビアス
price,プライス
problem,プロブレム
problems,プロブレムズ
project,プロジェクト
projecting,プロジェクティング
promoter,プロモーター
protect,プロテクト
proud,プラウド
prove,プルーブ
provides,プロバイズ
proving,プルービン
prowl,プロール
ptsd,ピーティーエスディー
puana,プアナ
pull,プル
pulled,プルド
pum,パム
punk,パンク
pure,ピュア
purpose,パーパス
pursue,パースー
push,プッシュ
pushing,プッシン
pussy,プッシー
put,プット
qt,キューティー
qualities,クオンタイルス
quality,クオリティー
queens,クイーンズ
quick,クイック
quit,クイット
quot,クオト
quotaquot,クオタクオト
quotbeautiful,クオトビューティフル
quotboom,クオトブーン
quotboomquot,クオトブーンクオト
quotcome,クオトカム
quotdancehall,クオトダンスホール
quothitquotno,クオトヒットクオトナンバー
quoti,クオティ
quotjokerquot,クオティジョーカークオト
quotlovequot,クオタクオト
quotmade,クオトメード
quotmoneyquot,クオトマネークオト
quotmr,クオトミスター
quotmusical,クオトミュージカル
quotno,クオトナンバー
quotone,クオトネ
quotraggamuffinquot,クオトタラガムッフィンクオト
quotroots,クオトルーツ
quotthank,クオトハンク
radio,ラジオ
ragamuffin,ラガマッフィン
ragga,ラガ
raggae,レゲー
raggaquot,ラガクオト
rah,ラー
raid,レイド
rain,レイン
rainbow,レインボー
rainy,レイニー
raise,レイズ
rampb,ラム
ran,ラン
random,ランダム
range,レンジ
ranger,レンジャー
ranker,ランカー
rankreggae,ランクレゲー
rap,ラップ
rapping,ラッピン
rare,レア
rasta,ラスタ
ray,レイ
razy,レイジー
re,リ
reach,リーチ
react,リアクト
reaction,リアクション
realer,リーラー
reality,リアリティー
realize,リアライズ
realizing,リアライジング
really,リアリティー
reason,リーズン
reciprocate,レシプロケート
recline,リクライン
red,レッド
reflecting,リフレクティング
reflections,リフレクション
reggaequot,レゲークオト
regret,リグレット
relate,リレート
relation,リレーション
relax,リラックス
release,リリース
relinquishing,リリンクイッシング
relive,リライブ
remedy,レメディー
remember,リメンバー
remenber,リメンバー
remote,リモート
rep,レップ
repair,リペアー
repeat,リピート
represent,リプレゼント
rescue,レスキュー
resistant,レジスタント
resolution,レゾリューション
respect,リスペクト
rest,レスト
restraints,リストレインツ
return,リターン
revealing,リビーリン
revelations,リベレーションズ
revenge,リベンジ
reverse,リバース
revive,リバイブ
revolution,レボリューション
rhyme,ライム
rhymer,ライマー
rhymes,ライムス
rhythm,リズム
rice,ライス
rich,リッチ
riding,ライディング
riend,リンド
ring,リング
rip,リップ
ripped,リップト
rise,ライズ
rises,ライジズ
rising,ライジング
risk,リスク
rize,ライズ
rizin,ライジン
rizon,リゾン
road,ロード
roaming,ローミング
robot,ロボット
rode,ロード
role,ロール
roll,ロール
roller,ローラー
rolling,ローリング
romance,ロマンス
rome,ローム
roop,ロープ
roots,ルーツ
roove,ルーブ
roses,ロゼズ
rot,ロット
round,ラウンド
route,ルート
routine,ルーチン
rub,ラブ
rubadub,ラバダブ
rude,ルード
rudeboy,ルードボーイ
rudie,ルーディー
rudy,ルーディー
ruff,ラフ
rule,ルール
ruler,ルーラー
rumblin,ランビン
runnin,ランニン
running,ランニング
runway,ラナウェー
ryder,ライダー
ryo,リョー
ryoji,リョージ
sad,サッド
said,セイド
saidquothiquot,セイドクオトクオト
salute,サルト
same,セーム
samurai,サムライ
sand,サンド
sane,セーン
satisfaction,サティスファクション
satomik,サトミック
saturday,サタデー
saw,ソー
sayin,セーイン
saying,セーイング
sayingquotwassup,セーイングクオトワッサップ
sayyeah,セイイェー
scar,スカー
scared,スカード
scatter,スキャッター
scene,シーン
scratch,スクラッチ
script,スクリプト
scrub,スクラブ
sea,シー
search,サーチ
searching,サーチング
season,シーズン
seat,シート
second,セコンド
secret,シークレット
secrets,シークレッツ
see,シー
seed,シード
seeing,シーイング
seems,シームズ
seen,シーン
seize,シーズ
selector,セレクター
self,セルフ
sender,センダー
sendin,センディン
sending,センディング
sensation,センセーション
separated,セパレーテッド
sequence,シークエンス
seriously,シリアスリー
session,セッション
set,セット
sets,セッツ
settin,セッティン
settling,セッティング
sex,セックス
sexy,セクシー
sha,シャ
shaaaaaaaaaaaaaaaaaa,シャー
shaking,シェーキング
shalala,シャララ
shalalalalalila,シャラララララ
shall,シャル
shape,シェープ
share,シェア
sharing,シェアリング
shen,シェン
shift,シフト
shiftin,シフティン
shine,シャイン
shines,シャインズ
shinin,シャイニン
shining,シャイニング
shiny,シャイニー
shit,シット
shock,ショック
shockeye,ショックアイ
shonan,ショーナン
shooting,シューティン
short,ショート
shot,ショット
should,シュッド
shout,シャウト
show,ショウ
showing,ショウイン
shows,ショウズ
sht,シット
shy,シャイ
side,サイド
sides,スライズ
sigh,ザイ
sight,サイト
sights,サイツ
sign,サイン
silencesilence,サイレンスサイレンス
silent,サイレント
simple,シンプル
since,シンス
sing,シング
singer,シンガー
singin,シンギン
singing,シンギング
sir,サー
sistahs,シスターズ
sister,シスター
sit,シット
sitting,シッティン
situation,シチュエーション
six,シックス
size,サイズ
ska,スカー
skank,スカンク
skies,スキーズ
skype,スカイプ
slave,スレーブ
slowly,スローリー
smack,スマック
small,スモール
smile,スマイル
smiles,スマイルズ
smiling,スマイリング
smilling,スマイリング
smoking,スモーキング
soaring,ソアリング
society,ソサエティ
sogo,ソゴ
soh,ソー
sold,ソルド
soldier,ソルジャー
solid,ソリッド
some,サム
somebody,サムバディー
someday,サムデー
someone,サムワン
somethin,サムシン
something,サムシング
sometimes,サムタイムズ
son,サン
song,ソング
sonpub,サンパブ
soon,スーン
sorrow,ソロー
sorry,ソーリー
sos,エスオーエス
soul,ソウル
soulbig,ソウルビッグ
souls,ソウルズ
sound,サウンド
soundbig,サウンドビッグ
source,ソース
south,サウス
space,スペース
spark,スパーク
sparks,スパークス
speak,スピーク
special,スペシャル
spectacles,スペクタクルス
speed,スピード
spell,スペル
spiral,スパイラル
spirit,スピリット
spirits,スピリッツ
spirt,スピリット
spit,スピット
spits,スピッツ
spliff,スピッフ
spot,スポット
spray,スプレー
spread,スプレッド
spreading,スプレッディング
spring,スプリング
squeeze,スクイーズ
st,セント
staff,スタッフ
stand,スタンド
standing,スタンディング
standup,スタンダップ
star,スター
stars,スターズ
start,スタート
started,スターテッド
starts,スターツ
station,ステーション
stay,ステイ
steady,ステディ
steering,ステアリング
step,ステップ
stepping,ステッピング
stereotypes,ステレオタイプス
still,スティル
stomp,ストンプ
stoney,ストニー
stop,ストップ
stopin,ストッピン
stops,ストップス
storm,ストーム
story,ストーリー
straight,ストレイト
strain,ストレイン
straining,ストレイニン
strategy,ストラテジ
streaming,ストリーミング
street,ストリート
streets,ストリーツ
strength,ストレンクス
stress,ストレス
strict,ストリクト
strike,ストライク
strive,ストライブ
stroll,ストロール
strong,ストロング
struggle,ストラグル
struggler,ストラグラー
strum,ストラム
style,スタイル
sublime,サブライム
succeeds,サクシーズ
success,サクセス
such,サッチ
suddenly,サドンリー
suffered,サファード
sumemr,サマー
summer,サマー
sun,サン
sunday,サンデー
sunrise,サンライズ
sunset,サンセット
sunshine,サンシャイン
sunshiny,サンシャイニー
support,サポート
supporter,サポーター
sure,シュア
surely,シュアリー
surf,サーフ
surface,サーフェス
surfer,サーファー
surrender,サレンダー
survival,サバイバル
survive,サバイブ
survives,サバイブズ
swear,スウェアー
sweet,スウィート
sweetest,スウィーテスト
swingin,スウィンギン
swirl,スウィール
symphony,シンフォニー
system,システム
t,ティー
table,テーブル
take,テーク
taken,テークン
takes,テークス
takin,テーキン
taking,テーキング
talk,トーク
talking,トーキン
tall,トール
tango,タンゴ
tap,タップ
taste,テースト
tears,ティアーズ
tech,テック
technique,テクニック
teeth,ティース
teethbrush,ティースブラッシュ
telling,テリング
tempo,テンポ
temptation,テンプテーション
tenn,テン
tennamp,テンナンプ
tensian,テンシャン
tep,テップ
terrorist,テロリスト
test,テスト
than,ザン
thank,サンク
that,ザット
thats,ザッツ
thatwon,ザットウォン
their,ゼア
them,ゼム
themselves,ゼムセルブズ
then,ゼン
there,ゼア
theres,ゼアーズ
these,ジーズ
they,ゼイ
things,シングス
think,シンク
thinking,シンキング
thinks,シンクス
thiswon,ディスウォン
those,ゾーズ
thought,ソート
thoughtful,ソートフル
thoughts,ソーツ
thousands,サウザンズ
three,スリー
through,スルー
throughout,スルアウト
throw,スロー
thug,サグ
thursday,サタデー
ticks,ティックス
tiger,タイガー
tight,タイト
till,ティル
timberland,ティンバーランド
times,タイムズ
timing,タイミング
ting,ティング
tis,ティス
tits,ティッツ
today,トゥデー
toes,トーズ
together,トゥギャザー
togetherride,トゥギャザーライド
toh,トー
tokio,トキオ
tokyo,トーキョー
told,トールド
tomorrow,トゥモロー
ton,トン
tonight,トゥナイト
too,トゥー
took,トゥック
totally,トータリー
tothe,トーヘ
tough,タフ
toward,トゥワード
tp,ティーピー
tq,ティーキュー
tqpt,ティーキューピーティー
tragedies,トラジェディーズ
travesties,トラヴェシティーズ
treasure,トレジャー
treasured,トレジャード
treble,トレブル
tree,ツリー
trees,ツリーズ
trends,トレンズ
triality,トリアリティー
trials,トライアルズ
tribe,トライブ
trick,トリック
tricks,トリックス
trip,トリップ
tropical,トロピカル
trot,トロット
true,トゥルー
truer,トゥルーアー
truly,トゥルーリー
trust,トラスト
truth,トゥルース
truthful,トゥルースフル
try,トライ
tuesday,テューズデー
tuff,タフ
tumbling,タンブリング
tun,タン
tunebig,チューンビッグ
turn,ターン
turning,ターニング
tv,ティービー
twice,トゥワイス
two,トゥー
type,タイプ
types,タイプス
u,ユー
ua,ユーエー
uchiaketekure,ウチアケテクレ
ufo,ユーフォー
uh,ウー
uhh,ウー
un,アン
unbelievable,アンビリーバブル
uncertain,アンサーテン
unconditional,アンコンディショナル
uncontrollable,アンコントローラブル
under,アンダー
underground,アンダーグラウンド
understand,アンダースタンド
understanding,アンダースタンディング
understood,アンダーステュッド
union,ユニオン
unite,ユナイト
unity,ユニティ
unknown,アンノウン
uno,ユーノ
until,アンティル
unu,ウヌ
unwind,アンワインド
upmake,アップメーク
upon,アポン
upquot,アップクオト
ups,アップス
uptight,アップライト
upwake,アップウェーク
urgency,アージェンシー
us,アス
use,ユーズ
vacation,バケーション
vain,ベイン
ve,ビーイー
verse,バース
very,ベリー
verybody,ベリバディ
vessel,ベッセル
vibe,バイブ
vibration,バイブレーション
vicariously,ビカリアスリ
victory,ビクトリー
view,ビュー
vip,ビップ
virtues,バーチュース
vision,ビジョン
visions,ビジョンズ
voice,ボイス
voicebig,ボイスビッグ
volare,ボラレ
volcano,ボルケーノ
w,ダブリュー
wack,ワック
wah,ワー
wahine,ワーハイン
waikiki,ワイキキ
wait,ウェイト
waiting,ウェイティング
waits,ウェイツ
wake,ウェーク
walk,ウォーク
walking,ウォーキング
walls,ウォールズ
wan,ワン
wanksta,ワンクスタ
wanna,ワナ
want,ウォント
wanted,ウォンテッド
wants,ウォンツ
war,ウォー
warmth,ワームース
warning,ワーニング
warrior,ウォーリアー
warrning,ワーニング
was,ワズ
wash,ウォッシュ
waste,ウェースト
watch,ウォッチ
water,ウォーター
waves,ウェーブズ
waving,ウェービング
wawa,ワワ
wayo,ワヨ
wayquot,ウェイクオト
wayquotare,ウェイクオト
wayquottake,ウェイクオト
ways,ウェイズ
we,ウィー
wealth,ウェルス
weapon,ウェポン
wear,ウィアー
wearchange,ウィアーチャージ
weather,ウェザー
weddy,ウェディー
wednesday,ウェンズデー
weekend,ウィークエンド
weight,ウェイト
welcome,ウェルカム
well,ウェル
went,ウェント
were,ワー
weren,ワレン
west,ウェスト
what,ワット
whatcha,ワッチャ
whatever,ワットエバー
whe,ウェ
when,ウェン
whenever,ウェンエバー
where,ウェア
wherever,ウェアエバー
which,ウィッチ
whichman,ウィッチマン
whine,ワイン
who,フー
whole,ホール
why,ワイ
wia,ウィア
wicked,ウィッキード
wide,ワイド
wifi,ワイファイ
wii,ウィー
wild,ワイルド
wilding,ワイルディング
wildwild,ワイルドワイルド
will,ウィル
win,ウィン
wind,ウィンド
winding,ワインディング
windows,ウィンドウズ
winey,ワイニー
winner,ウィナー
wish,ウィッシュ
wit,ウィット
with,ウィズ
within,ウィズイン
without,ウィズアウト
wo,ウォ
wocome,ウォカム
woh,ウォー
woi,ウォル
woman,ウーマン
women,ウィメン
won,ワン
wonder,ワンダー
wonderful,ワンダフル
wonderin,ワンダリン
woo,ウー
woogie,ウーギー
wooh,ウー
woooo,ウー
woowoowoo,ウーウーウー
word,ワード
words,ワーズ
work,ワーク
worries,ウォーリーズ
worry,ウォーリー
worst,ワースト
worthless,ワースレス
would,ウッド
wowow,ワウワウ
wowwow,ワウワウ
wrestle,レスティ
wrong,ロング
x,エックス
y,ワイ
yachts,ヨット
yah,ヤー
yamato,ヤマト
yang,ヤン
yeah,イェー
year,イヤー
years,イヤーズ
yeh,イェー
yellow,イェロー
yes,イェス
yeswe,イェスウィー
yet,イェット
yin,イン
yo,ヨ
youkeeping,ユーキーピング
young,ヤング
youquot,ユークオト
yours,ユアーズ
yourself,ユアセルフ
zaga,ザガ
zero,ゼロ
zone,ゾーン
zoo,ズー
zum,ザム
card,かーど
chage,ちゃげ
cruising,くるーじん
flower,ふらわー
green,ぐりーん
hid,ひっど
hooo,ふー
it,いっと
jan,じゃん
kara,から
karakara,からから
on,おん
race,れーす
tone,とーん
wowo,うぉうぉ
